loadtest1,password1
loadtest2,password2
loadtest3,password3
loadtest4,password4
loadtest5,password5
loadtest6,password6
loadtest7,password7
loadtest8,password8
loadtest9,password9
loadtest10,password10
loadtest11,password11
loadtest12,password12
loadtest13,password13
loadtest14,password14
loadtest15,password15
loadtest16,password16
loadtest17,password17
loadtest18,password18
loadtest19,password19
loadtest20,password20
loadtest21,password21
loadtest22,password22
loadtest23,password23
loadtest24,password24
loadtest25,password25
loadtest26,password26
loadtest27,password27
loadtest28,password28
loadtest29,password29
loadtest30,password30
loadtest31,password31
loadtest32,password32
loadtest33,password33
loadtest34,password34
loadtest35,password35
loadtest36,password36
loadtest37,password37
loadtest38,password38
loadtest39,password39
loadtest40,password40